variable,category,label,type,unit,question
ethniceng,Ethnic,New European,categorical,yes/no,Which ethnic group do you belong to?
ethnicmri,Ethnic,Maori,categorical,yes/no,Which ethnic group do you belong to?
ethnicwsm,Ethnic,Samoan,categorical,yes/no,Which ethnic group do you belong to?
ethniccok,Ethnic,Cook Island,categorical,yes/no,Which ethnic group do you belong to?
ethnicton,Ethnic,Tongan,categorical,yes/no,Which ethnic group do you belong to?
ethnicniu,Ethnic,Nieuean,categorical,yes/no,Which ethnic group do you belong to?
ethnicchn,Ethnic,Chinese,categorical,yes/no,Which ethnic group do you belong to?
ethnicind,Ethnic,Indian,categorical,yes/no,Which ethnic group do you belong to?
gender,Gender,Gender,categorical,male/female,What is your gender?
